{
  "project_info": {
    "project_number": "57765718403",
    "firebase_url": "https://fasthealth-5d792-default-rtdb.firebaseio.com",
    "project_id": "fasthealth-5d792",
    "storage_bucket": "fasthealth-5d792.appspot.com"
  },
  "client": [
    {
      "client_info": {
        "mobilesdk_app_id": "1:57765718403:android:079c3050358d5476e26eb6",
        "android_client_info": {
          "package_name": "com.example.fasthealth"
        }
      },
      "oauth_client": [
        {
          "client_id": "57765718403-8smij3p9b7nikpifcnq6p0hu7aqvm19q.apps.googleusercontent.com",
          "client_type": 1,
          "android_info": {
            "package_name": "com.example.fasthealth",
            "certificate_hash": "1760fda02aabd1c686601e4526728e66e59713c0"
          }
        },
        {
          "client_id": "57765718403-hrfla2in9jkipdl9u157h42u9715mqra.apps.googleusercontent.com",
          "client_type": 3
        }
      ],
      "api_key": [
        {
          "current_key": "AIzaSyDjp9oDim4E7BOeEzTWtPl33sXlQ94TwWE"
        }
      ],
      "services": {
        "appinvite_service": {
          "other_platform_oauth_client": [
            {
              "client_id": "57765718403-hrfla2in9jkipdl9u157h42u9715mqra.apps.googleusercontent.com",
              "client_type": 3
            }
          ]
        }
      }
    }
  ],
  "configuration_version": "1"
}